,age,years_experience,salary,bonus,performance_rating,projects_completed,total_compensation
count,1000.0,1000.0,1000.0,1000.0,1000.0,1000.0,1000.0
mean,43.367,19.469,112750.547,17025.584,3.312,10.117,129776.131
std,12.439817525191442,12.39914423570343,51426.76829787533,10742.68114350859,0.9978234571564528,5.618797191737915,60028.45790458257
min,22.0,0.0,35390.0,1847.0,1.0,1.0,38447.0
25%,33.0,9.0,74235.75,8951.75,3.0,5.0,85851.0
50%,43.0,20.0,106972.5,14623.0,3.0,10.0,121907.0
75%,54.0,30.0,137683.5,22550.0,4.0,15.0,158208.5
max,64.0,42.0,285094.0,60099.0,5.0,19.0,330221.0
